"1","""""""""libro 1""""""""","5","""""""video 5"""""""
"5","""""""video 5""""""","4","""""""""libro 4"""""""""
"2","""""""""libro 3""""""""","1","""""""""libro 1"""""""""
"2","""""""""libro 3""""""""","1","""""""""libro 1"""""""""
"1","""""""""libro 1""""""""","6","""""""""libro 5"""""""""
"1","""""""""libro 1""""""""","6","""""""""libro 5"""""""""
"1","""""""""libro 1""""""""","1","""""""""libro 1"""""""""
"1","""""""""libro 1""""""""","2","""""""""libro 3"""""""""
"1","""""""""libro 1""""""""","1","""""""""libro 1"""""""""
"2","""""""""libro 3""""""""","1","""""""""libro 1"""""""""
"1","""""""""libro 1""""""""","4","""""""""libro 4"""""""""
"4","""""""""libro 4""""""""","1","""""""""libro 1"""""""""
"1","""""""""libro 1""""""""","5","""""""video 5"""""""
"4","""""""""libro 4""""""""","4","""""""""libro 4"""""""""
"5","""""""video 5""""""","2","""""""""libro 3"""""""""
"2","""""""""libro 3""""""""","4","""""""""libro 4"""""""""
"1","""""""""libro 1""""""""","2","""""""""libro 3"""""""""
"1","""""""""libro 1""""""""","1","""""""""libro 1"""""""""
"6","""""""""libro 5""""""""","2","""""""""libro 3"""""""""
